Fund Name,P1,P2,P3,P4,P5,Topsis Score,Rank
M1,0.74,0.55,4.9,42.5,12.17,0.3154008069040833,7
M2,0.85,0.72,3.4,52.0,14.24,0.45496101983495385,5
M3,0.9,0.81,5.1,46.1,13.23,0.5678992111491451,3
M4,0.87,0.76,5.8,39.6,11.76,0.5071628976807506,4
M5,0.85,0.72,3.4,66.1,17.77,0.6110664496264837,2
M6,0.78,0.61,5.6,59.7,16.67,0.6770243894295032,1
M7,0.68,0.46,4.5,40.0,11.41,0.196511093546492,8
M8,0.84,0.71,4.6,43.8,12.49,0.4314349253644988,6
